model_a,model_b,feature_level,top_k,shared_feature_count,union_feature_count,jaccard_similarity,shared_features,spearman_rank_correlation,correlation_scope
Decision Tree,MLP SHAP,transformed,10,3,17,0.17647058823529413,"dti, fico_score, total_rev_hi_lim",0.42068332293766186,full_saved_ranking
Decision Tree,Random Forest,transformed,10,7,13,0.5384615384615384,"all_util, dti, fico_score, installment_to_income_ratio, mort_acc, term_months, total_rev_hi_lim",0.6412342702514056,full_saved_ranking
Logistic Regression,Decision Tree,transformed,10,4,16,0.25,"dti, fico_score, installment_to_income_ratio, term_months",0.47130864896936203,full_saved_ranking
Logistic Regression,MLP SHAP,transformed,10,4,16,0.25,"dti, fico_score, inq_last_6mths, open_acc_to_total_acc_ratio",0.6552895281441622,full_saved_ranking
Logistic Regression,Random Forest,transformed,10,4,16,0.25,"dti, fico_score, installment_to_income_ratio, term_months",0.5988476663759852,full_saved_ranking
Random Forest,MLP SHAP,transformed,10,4,16,0.25,"dti, fico_score, revol_util, total_rev_hi_lim",0.6993526739667038,full_saved_ranking
Decision Tree,MLP SHAP,transformed,20,11,29,0.3793103448275862,"all_util, dti, fico_score, home_ownership_encoded_RENT, il_util, inq_last_6mths, mort_acc, open_acc_to_total_acc_ratio, revol_util, tot_cur_bal, total_rev_hi_lim",0.42068332293766186,full_saved_ranking
Decision Tree,Random Forest,transformed,20,13,27,0.48148148148148145,"all_util, annual_inc, dti, fico_score, home_ownership_encoded_RENT, il_util, installment_to_income_ratio, mort_acc, open_acc_to_total_acc_ratio, revol_util, term_months, tot_cur_bal, total_rev_hi_lim",0.6412342702514056,full_saved_ranking
Logistic Regression,Decision Tree,transformed,20,11,29,0.3793103448275862,"dti, fico_score, home_ownership_encoded_RENT, inq_last_6mths, installment_to_income_ratio, mort_acc, open_acc_to_total_acc_ratio, purpose_encoded_small_business, revol_util, term_months, total_rev_hi_lim",0.47130864896936203,full_saved_ranking
Logistic Regression,MLP SHAP,transformed,20,11,29,0.3793103448275862,"dti, emp_length_years_missing, fico_score, home_ownership_encoded_RENT, inq_last_6mths, mort_acc, mths_since_rcnt_il_missing, open_acc_to_total_acc_ratio, open_rv_24m, revol_util, total_rev_hi_lim",0.6552895281441622,full_saved_ranking
Logistic Regression,Random Forest,transformed,20,13,27,0.48148148148148145,"dti, fico_score, funded_amnt_inv, home_ownership_encoded_RENT, installment, installment_to_income_ratio, loan_amnt, loan_to_income_ratio, mort_acc, open_acc_to_total_acc_ratio, revol_util, term_months, total_rev_hi_lim",0.5988476663759852,full_saved_ranking
Random Forest,MLP SHAP,transformed,20,11,29,0.3793103448275862,"all_util, dti, fico_score, home_ownership_encoded_MORTGAGE, home_ownership_encoded_RENT, il_util, mort_acc, open_acc_to_total_acc_ratio, revol_util, tot_cur_bal, total_rev_hi_lim",0.6993526739667038,full_saved_ranking
