original_feature,grouped_mean_absolute_shap,number_of_transformed_features
purpose,0.024318681216982836,14
dti,0.02240675083274983,1
revol_util,0.018081536731557588,1
addr_state,0.0163296438948082,51
fico_score,0.01597685551435307,1
open_acc_to_total_acc_ratio,0.01562089504989079,1
inq_last_6mths,0.011992624480796622,1
home_ownership,0.009202051875066133,6
emp_length_years_missing,0.00565617024817956,1
tot_coll_amt_missing,0.004951557267220362,1
total_rev_hi_lim,0.004814652214352767,1
total_acc,0.004663285594135904,1
all_util,0.004526941862249773,1
mort_acc,0.004510049201546959,1
il_util,0.004211319747864419,1
delinq_2yrs,0.004053100138763052,1
mths_since_rcnt_il_missing,0.004034064497110463,1
verification_status,0.004007277798798284,3
tot_cur_bal,0.003874348439241172,1
open_rv_24m,0.0033758766688850596,1
has_delinquency_2yrs,0.003149257637920653,1
total_rev_hi_lim_missing,0.00310798305323329,1
pub_rec,0.00256532334556769,1
installment_to_income_ratio,0.0021408363423034166,1
open_il_12m,0.0020938878154071025,1
loan_to_income_ratio,0.0019409602870867947,1
revol_bal_to_income_ratio,0.0019188847282858258,1
tot_cur_bal_missing,0.0017332743684079926,1
open_acc_6m,0.001668916497816931,1
credit_history_months,0.001409323980736492,1
mths_since_rcnt_il,0.0014031928277245026,1
inq_last_12m,0.0012914816433987797,1
term_months,0.0012766448857679915,1
open_acc,0.0011536700379590752,1
total_cu_tl,0.0009998890433371886,1
inq_fi,0.0009585111160523459,1
mort_acc_missing,0.000920009219232803,1
pub_rec_bankruptcies,0.0009156531673261664,1
il_util_missing,0.0008432021437224246,1
has_bankruptcy,0.0008104498533826033,1
initial_list_status,0.0007961880952804748,2
max_bal_bc,0.0006353443976318562,1
credit_history_years,0.000631048505855083,1
tot_coll_amt,0.0005096160662008327,1
funded_amnt,0.00047012426124886655,1
mths_since_last_delinq,0.00046249827424667213,1
total_bal_il,0.0004276541116617412,1
emp_length_years,0.0003648441044454853,1
has_public_record,0.0003628271523760887,1
open_rv_12m,0.0003547089366517714,1
revol_bal,0.00031328316695137636,1
annual_inc,0.0002893285768612676,1
installment,0.0002804500690609772,1
open_il_24m,0.0002622031520930411,1
has_mths_since_last_delinq,0.00018116440848577403,1
funded_amnt_inv,0.00017591274791727718,1
loan_amnt,0.0001474252899915017,1
collections_12_mths_ex_med,8.482146426899249e-05,1
acc_now_delinq,0.0,1
application_type,0.0,2
fico_score_missing,0.0,1
has_collections_12_mths,0.0,1
pub_rec_bankruptcies_missing,0.0,1
