transformed_feature,original_feature,mean_absolute_shap
dti,dti,0.022406750832749824
revol_util,revol_util,0.018081536731557588
fico_score,fico_score,0.01597685551435307
open_acc_to_total_acc_ratio,open_acc_to_total_acc_ratio,0.015620895049890789
inq_last_6mths,inq_last_6mths,0.011992624480796622
purpose_encoded_other,purpose,0.007446672536049092
emp_length_years_missing,emp_length_years_missing,0.005656170248179559
tot_coll_amt_missing,tot_coll_amt_missing,0.004951557267220362
total_rev_hi_lim,total_rev_hi_lim,0.004814652214352768
home_ownership_encoded_MORTGAGE,home_ownership,0.004692109304696545
total_acc,total_acc,0.004663285594135904
all_util,all_util,0.004526941862249775
mort_acc,mort_acc,0.0045100492015469566
home_ownership_encoded_RENT,home_ownership,0.004431367471219779
il_util,il_util,0.004211319747864417
delinq_2yrs,delinq_2yrs,0.004053100138763052
mths_since_rcnt_il_missing,mths_since_rcnt_il_missing,0.004034064497110463
tot_cur_bal,tot_cur_bal,0.0038743484392411726
open_rv_24m,open_rv_24m,0.00337587666888506
has_delinquency_2yrs,has_delinquency_2yrs,0.0031492576379206533
total_rev_hi_lim_missing,total_rev_hi_lim_missing,0.00310798305323329
verification_status_encoded_Source Verified,verification_status,0.003036293101552042
purpose_encoded_small_business,purpose,0.0029594788676925938
purpose_encoded_credit_card,purpose,0.002636452220025591
pub_rec,pub_rec,0.0025653233455676903
purpose_encoded_medical,purpose,0.002557959019676513
purpose_encoded_moving,purpose,0.0025182533228554982
installment_to_income_ratio,installment_to_income_ratio,0.0021408363423034166
open_il_12m,open_il_12m,0.002093887815407103
loan_to_income_ratio,loan_to_income_ratio,0.0019409602870867947
revol_bal_to_income_ratio,revol_bal_to_income_ratio,0.0019188847282858251
addr_state_encoded_NY,addr_state,0.0017734979262936852
purpose_encoded_home_improvement,purpose,0.0017355038052006707
tot_cur_bal_missing,tot_cur_bal_missing,0.0017332743684079926
open_acc_6m,open_acc_6m,0.0016689164978169308
addr_state_encoded_MS,addr_state,0.0016306489173488472
credit_history_months,credit_history_months,0.001409323980736492
mths_since_rcnt_il,mths_since_rcnt_il,0.0014031928277245024
purpose_encoded_major_purchase,purpose,0.0013652775261669655
inq_last_12m,inq_last_12m,0.0012914816433987797
term_months,term_months,0.0012766448857679915
purpose_encoded_debt_consolidation,purpose,0.001268148059624517
purpose_encoded_vacation,purpose,0.0012410023384174585
addr_state_encoded_FL,addr_state,0.00119485992892581
open_acc,open_acc,0.0011536700379590752
addr_state_encoded_CO,addr_state,0.0010707345605177761
total_cu_tl,total_cu_tl,0.0009998890433371886
addr_state_encoded_CA,addr_state,0.0009766156205324714
addr_state_encoded_WA,addr_state,0.0009738583271016041
inq_fi,inq_fi,0.000958511116052346
mort_acc_missing,mort_acc_missing,0.000920009219232803
pub_rec_bankruptcies,pub_rec_bankruptcies,0.0009156531673261664
addr_state_encoded_MD,addr_state,0.0008891839945239167
addr_state_encoded_NV,addr_state,0.0008867269865571237
il_util_missing,il_util_missing,0.0008432021437224245
addr_state_encoded_OK,addr_state,0.000839845081946156
has_bankruptcy,has_bankruptcy,0.0008104498533826033
purpose_encoded_renewable_energy,purpose,0.0007986054173749787
verification_status_encoded_Verified,verification_status,0.000746217540974588
purpose_encoded_car,purpose,0.0007440303176462998
addr_state_encoded_AL,addr_state,0.0006572245397255697
addr_state_encoded_GA,addr_state,0.0006433397117768067
max_bal_bc,max_bal_bc,0.0006353443976318562
credit_history_years,credit_history_years,0.000631048505855083
verification_status_encoded_Not Verified,verification_status,0.0006067558720541195
addr_state_encoded_LA,addr_state,0.0005558914294628705
tot_coll_amt,tot_coll_amt,0.0005096160662008329
funded_amnt,funded_amnt,0.00047012426124886655
mths_since_last_delinq,mths_since_last_delinq,0.00046249827424667213
addr_state_encoded_AR,addr_state,0.00045661917150421563
addr_state_encoded_TX,addr_state,0.00044238570250558224
addr_state_encoded_HI,addr_state,0.0004410930716508281
addr_state_encoded_NH,addr_state,0.0004310482882178322
total_bal_il,total_bal_il,0.00042765411166174124
addr_state_encoded_ID,addr_state,0.00041776353064010334
addr_state_encoded_NJ,addr_state,0.00041331489232104807
initial_list_status_encoded_w,initial_list_status,0.0004117315448466222
initial_list_status_encoded_f,initial_list_status,0.0003844565504338525
emp_length_years,emp_length_years,0.0003648441044454853
has_public_record,has_public_record,0.0003628271523760886
purpose_encoded_wedding,purpose,0.0003573212971874469
open_rv_12m,open_rv_12m,0.0003547089366517713
addr_state_encoded_TN,addr_state,0.000322234864065165
revol_bal,revol_bal,0.00031328316695137636
annual_inc,annual_inc,0.0002893285768612676
installment,installment,0.0002804500690609772
addr_state_encoded_DC,addr_state,0.0002703668921154774
addr_state_encoded_WI,addr_state,0.000262709031599571
open_il_24m,open_il_24m,0.0002622031520930411
addr_state_encoded_OH,addr_state,0.0002603845040920227
addr_state_encoded_MO,addr_state,0.0002159741439372041
has_mths_since_last_delinq,has_mths_since_last_delinq,0.00018116440848577408
addr_state_encoded_WV,addr_state,0.0001776692189299073
funded_amnt_inv,funded_amnt_inv,0.00017591274791727718
addr_state_encoded_IN,addr_state,0.00017057386093521115
addr_state_encoded_OR,addr_state,0.0001603119363793667
loan_amnt,loan_amnt,0.0001474252899915017
addr_state_encoded_AZ,addr_state,0.00011702207511567192
addr_state_encoded_MI,addr_state,0.0001043238865401415
collections_12_mths_ex_med,collections_12_mths_ex_med,8.482146426899249e-05
home_ownership_encoded_OWN,home_ownership,7.857509914980946e-05
addr_state_encoded_MN,addr_state,4.0400463344656554e-05
addr_state_encoded_MA,addr_state,3.485093501366402e-05
acc_now_delinq,acc_now_delinq,0.0
addr_state_encoded_AK,addr_state,0.0
addr_state_encoded_CT,addr_state,0.0
addr_state_encoded_DE,addr_state,0.0
addr_state_encoded_IA,addr_state,0.0
addr_state_encoded_IL,addr_state,0.0
addr_state_encoded_KS,addr_state,0.0
addr_state_encoded_KY,addr_state,0.0
addr_state_encoded_ME,addr_state,0.0
addr_state_encoded_MT,addr_state,0.0
addr_state_encoded_NC,addr_state,0.0
addr_state_encoded_ND,addr_state,0.0
addr_state_encoded_NE,addr_state,0.0
addr_state_encoded_NM,addr_state,0.0
addr_state_encoded_PA,addr_state,0.0
addr_state_encoded_RI,addr_state,0.0
addr_state_encoded_SC,addr_state,0.0
addr_state_encoded_SD,addr_state,0.0
addr_state_encoded_UT,addr_state,0.0
addr_state_encoded_VA,addr_state,0.0
addr_state_encoded_VT,addr_state,0.0
addr_state_encoded_WY,addr_state,0.0
application_type_encoded_INDIVIDUAL,application_type,0.0
application_type_encoded_JOINT,application_type,0.0
fico_score_missing,fico_score_missing,0.0
has_collections_12_mths,has_collections_12_mths,0.0
home_ownership_encoded_ANY,home_ownership,0.0
home_ownership_encoded_NONE,home_ownership,0.0
home_ownership_encoded_OTHER,home_ownership,0.0
pub_rec_bankruptcies_missing,pub_rec_bankruptcies_missing,0.0
purpose_encoded_educational,purpose,0.0
purpose_encoded_house,purpose,0.0
