case_type,actual_default_flag,prediction,default_probability,rank,transformed_feature,original_feature,shap_value,absolute_shap
false_negative,1,0,0.019842588884245334,1,total_rev_hi_lim,total_rev_hi_lim,-0.13251951467125764,0.13251951467125764
false_negative,1,0,0.019842588884245334,2,tot_cur_bal,tot_cur_bal,-0.09066849746814602,0.09066849746814602
false_negative,1,0,0.019842588884245334,3,revol_bal_to_income_ratio,revol_bal_to_income_ratio,0.048707364198701135,0.048707364198701135
false_negative,1,0,0.019842588884245334,4,addr_state_encoded_FL,addr_state,0.019397965803739006,0.019397965803739006
false_negative,1,0,0.019842588884245334,5,annual_inc,annual_inc,-0.018095482798332143,0.018095482798332143
false_negative,1,0,0.019842588884245334,6,verification_status_encoded_Source Verified,verification_status,0.015829978665181255,0.015829978665181255
false_negative,1,0,0.019842588884245334,7,mths_since_last_delinq,mths_since_last_delinq,-0.013754099329592338,0.013754099329592338
false_negative,1,0,0.019842588884245334,8,installment,installment,0.012878758736996638,0.012878758736996638
false_negative,1,0,0.019842588884245334,9,fico_score,fico_score,-0.012186846582444255,0.012186846582444255
false_negative,1,0,0.019842588884245334,10,verification_status_encoded_Not Verified,verification_status,0.011456366637129239,0.011456366637129239
false_negative,1,0,0.019842588884245334,11,il_util,il_util,-0.010194373701898518,0.010194373701898518
false_negative,1,0,0.019842588884245334,12,funded_amnt_inv,funded_amnt_inv,0.009316612343310717,0.009316612343310717
false_negative,1,0,0.019842588884245334,13,credit_history_months,credit_history_months,0.007584312319520528,0.007584312319520528
false_negative,1,0,0.019842588884245334,14,inq_last_6mths,inq_last_6mths,0.007544554376627026,0.007544554376627026
false_negative,1,0,0.019842588884245334,15,initial_list_status_encoded_f,initial_list_status,0.006353733045517287,0.006353733045517287
false_negative,1,0,0.019842588884245334,16,loan_to_income_ratio,loan_to_income_ratio,0.006320125545251531,0.006320125545251531
false_negative,1,0,0.019842588884245334,17,funded_amnt,funded_amnt,0.0038871333355647774,0.0038871333355647774
false_negative,1,0,0.019842588884245334,18,all_util,all_util,0.003761521875336824,0.003761521875336824
false_negative,1,0,0.019842588884245334,19,open_acc,open_acc,-0.002531338308295787,0.002531338308295787
false_negative,1,0,0.019842588884245334,20,has_mths_since_last_delinq,has_mths_since_last_delinq,0.0,0.0
false_positive,0,1,0.8824925841125032,1,purpose_encoded_small_business,purpose,0.1328286260987306,0.1328286260987306
false_positive,0,1,0.8824925841125032,2,term_months,term_months,0.12786127948464182,0.12786127948464182
false_positive,0,1,0.8824925841125032,3,open_rv_24m,open_rv_24m,0.06971740877466955,0.06971740877466955
false_positive,0,1,0.8824925841125032,4,open_acc_to_total_acc_ratio,open_acc_to_total_acc_ratio,0.06633201802779051,0.06633201802779051
false_positive,0,1,0.8824925841125032,5,loan_to_income_ratio,loan_to_income_ratio,0.06166687107125564,0.06166687107125564
false_positive,0,1,0.8824925841125032,6,installment_to_income_ratio,installment_to_income_ratio,0.04874350554782235,0.04874350554782235
false_positive,0,1,0.8824925841125032,7,fico_score,fico_score,0.041613619587875655,0.041613619587875655
false_positive,0,1,0.8824925841125032,8,open_rv_12m,open_rv_12m,0.038788429667242684,0.038788429667242684
false_positive,0,1,0.8824925841125032,9,open_acc,open_acc,0.01788049249539534,0.01788049249539534
false_positive,0,1,0.8824925841125032,10,verification_status_encoded_Verified,verification_status,0.017852458577234553,0.017852458577234553
false_positive,0,1,0.8824925841125032,11,mort_acc,mort_acc,0.016869448598137438,0.016869448598137438
false_positive,0,1,0.8824925841125032,12,installment,installment,0.016443140328495667,0.016443140328495667
false_positive,0,1,0.8824925841125032,13,tot_cur_bal,tot_cur_bal,0.015545973521173097,0.015545973521173097
false_positive,0,1,0.8824925841125032,14,funded_amnt_inv,funded_amnt_inv,0.013144720295131454,0.013144720295131454
false_positive,0,1,0.8824925841125032,15,total_acc,total_acc,0.012148894209324164,0.012148894209324164
false_positive,0,1,0.8824925841125032,16,il_util,il_util,0.01093816631156771,0.01093816631156771
false_positive,0,1,0.8824925841125032,17,has_mths_since_last_delinq,has_mths_since_last_delinq,0.009611864547989707,0.009611864547989707
false_positive,0,1,0.8824925841125032,18,mths_since_rcnt_il_missing,mths_since_rcnt_il_missing,0.009050593497046662,0.009050593497046662
false_positive,0,1,0.8824925841125032,19,max_bal_bc,max_bal_bc,0.006009018224876705,0.006009018224876705
false_positive,0,1,0.8824925841125032,20,addr_state_encoded_ID,addr_state,0.002691740384765696,0.002691740384765696
true_negative,0,0,0.023275668968570827,1,fico_score,fico_score,-0.021084340234690756,0.021084340234690756
true_negative,0,0,0.023275668968570827,2,all_util,all_util,-0.016908347136054325,0.016908347136054325
true_negative,0,0,0.023275668968570827,3,dti,dti,-0.014943730271837053,0.014943730271837053
true_negative,0,0,0.023275668968570827,4,revol_util,revol_util,-0.013012678844768795,0.013012678844768795
true_negative,0,0,0.023275668968570827,5,open_acc_to_total_acc_ratio,open_acc_to_total_acc_ratio,-0.010170776982563495,0.010170776982563495
true_negative,0,0,0.023275668968570827,6,mort_acc,mort_acc,-0.008807180634618541,0.008807180634618541
true_negative,0,0,0.023275668968570827,7,total_rev_hi_lim,total_rev_hi_lim,-0.007470334175157941,0.007470334175157941
true_negative,0,0,0.023275668968570827,8,open_acc_6m,open_acc_6m,-0.005303888949952371,0.005303888949952371
true_negative,0,0,0.023275668968570827,9,purpose_encoded_car,purpose,-0.0036090180533958965,0.0036090180533958965
true_negative,0,0,0.023275668968570827,10,tot_cur_bal,tot_cur_bal,-0.003594992707156532,0.003594992707156532
true_negative,0,0,0.023275668968570827,11,inq_fi,inq_fi,-0.0027759538255677885,0.0027759538255677885
true_negative,0,0,0.023275668968570827,12,home_ownership_encoded_MORTGAGE,home_ownership,-0.00277562502408904,0.00277562502408904
true_negative,0,0,0.023275668968570827,13,home_ownership_encoded_RENT,home_ownership,-0.0027574580560090923,0.0027574580560090923
true_negative,0,0,0.023275668968570827,14,inq_last_6mths,inq_last_6mths,-0.0027341629599862403,0.0027341629599862403
true_negative,0,0,0.023275668968570827,15,revol_bal_to_income_ratio,revol_bal_to_income_ratio,-0.002239063319005801,0.002239063319005801
true_negative,0,0,0.023275668968570827,16,open_rv_24m,open_rv_24m,-0.0018454572043198193,0.0018454572043198193
true_negative,0,0,0.023275668968570827,17,installment_to_income_ratio,installment_to_income_ratio,-0.0010030338660163615,0.0010030338660163615
true_negative,0,0,0.023275668968570827,18,il_util,il_util,-0.0009334197181201786,0.0009334197181201786
true_negative,0,0,0.023275668968570827,19,funded_amnt_inv,funded_amnt_inv,-0.0008902481284941838,0.0008902481284941838
true_negative,0,0,0.023275668968570827,20,revol_bal,revol_bal,-0.0006189358009610436,0.0006189358009610436
true_positive,1,1,0.905627005704472,1,term_months,term_months,0.14240418911310648,0.14240418911310648
true_positive,1,1,0.905627005704472,2,purpose_encoded_moving,purpose,0.11759006801406757,0.11759006801406757
true_positive,1,1,0.905627005704472,3,delinq_2yrs,delinq_2yrs,0.08775431315433233,0.08775431315433233
true_positive,1,1,0.905627005704472,4,dti,dti,0.06746632550763136,0.06746632550763136
true_positive,1,1,0.905627005704472,5,fico_score,fico_score,0.048657590142218474,0.048657590142218474
true_positive,1,1,0.905627005704472,6,revol_util,revol_util,0.03970719059529227,0.03970719059529227
true_positive,1,1,0.905627005704472,7,loan_to_income_ratio,loan_to_income_ratio,0.035982413312277854,0.035982413312277854
true_positive,1,1,0.905627005704472,8,addr_state_encoded_NY,addr_state,0.03368085280707736,0.03368085280707736
true_positive,1,1,0.905627005704472,9,installment_to_income_ratio,installment_to_income_ratio,0.028196668016052046,0.028196668016052046
true_positive,1,1,0.905627005704472,10,mths_since_rcnt_il_missing,mths_since_rcnt_il_missing,0.025666490548570186,0.025666490548570186
true_positive,1,1,0.905627005704472,11,il_util,il_util,0.018924868002559103,0.018924868002559103
true_positive,1,1,0.905627005704472,12,installment,installment,0.017440854929295,0.017440854929295
true_positive,1,1,0.905627005704472,13,purpose_encoded_renewable_energy,purpose,0.01655157391519002,0.01655157391519002
true_positive,1,1,0.905627005704472,14,purpose_encoded_credit_card,purpose,0.01607629715500115,0.01607629715500115
true_positive,1,1,0.905627005704472,15,total_rev_hi_lim,total_rev_hi_lim,0.014877082001025964,0.014877082001025964
true_positive,1,1,0.905627005704472,16,has_delinquency_2yrs,has_delinquency_2yrs,0.011840623709671429,0.011840623709671429
true_positive,1,1,0.905627005704472,17,open_acc_to_total_acc_ratio,open_acc_to_total_acc_ratio,0.011086989177369048,0.011086989177369048
true_positive,1,1,0.905627005704472,18,funded_amnt_inv,funded_amnt_inv,0.011029360202410902,0.011029360202410902
true_positive,1,1,0.905627005704472,19,revol_bal_to_income_ratio,revol_bal_to_income_ratio,0.009067745706319104,0.009067745706319104
true_positive,1,1,0.905627005704472,20,inq_last_12m,inq_last_12m,0.004871194833668225,0.004871194833668225
